{"cameraMode":{"drawMode":0,"name":"Shaded","section":"Shading Mode"},"sceneLighting":true,"audioPlay":false,"sceneViewState":{"m_AlwaysRefresh":true,"showFog":true,"showSkybox":true,"showFlares":true,"showImageEffects":true,"showParticleSystems":true,"showVisualEffectGraphs":true,"m_FxEnabled":false},"in2DMode":false,"pivot":{"x":3.4787213802337648,"y":1.684831142425537,"z":425.52783203125},"rotation":{"x":-0.01799885928630829,"y":-0.002999505726620555,"z":-0.00005399726069299504,"w":0.999832808971405},"size":7.800074100494385,"orthographic":false}